<?xml version="1.0"?>
<project name="${project.name}">
  <bannerLeft>
    <name>${project.name}</name>
    <href>${project.url}</href>
  </bannerLeft>
  <bannerRight>
    <name>Scala-lang</name>
    <href>http://www.scala-lang.org/</href>
    <src>images/logos/scala.svg</src>
    <width>30</width>
    <height>49</height>
  </bannerRight>
  <publishDate position="left" format="yyyy-MM-dd HH:mm" />
  <version position="left"/>
  <poweredBy>
    <logo name="Build with Maven" href="http://maven.apache.org" img="http://maven.apache.org/images/logos/maven-feather.png" />
  </poweredBy>

  <body>
    <links>
      <item name="Wiki" href="http://github.com/davidB/scala-maven-plugin/wiki"/>
      <item name="FAQ" href="http://github.com/davidB/scala-maven-plugin/wiki/frequently-asked-questions"/>
      <item name="Mailing-list" href="http://groups.google.com/group/maven-and-scala"/>
    </links>
    <menu name="Overview">
      <item name="Introduction" href="index.html" />
      <item name="Goals" href="plugin-info.html" />
      <item name="Usage" href="usage.html" />
      <item name="FAQ" href="faq.html" />
    </menu>
    <menu name="Examples">
      <item name="Compiling" href="example_compile.html" />
      <item name="Incremental Compile" href="example_incremental.html" />
      <item name="Continuous Compilation" href="example_cc.html" />
      <item name="Continuous Testing" href="example_cctest.html" />
      <item name="Scaladoc" href="example_doc.html" />
      <item name="Running" href="example_run.html" />
      <item name="Scripting" href="example_script.html" />
      <item name="Scala Console" href="example_console.html" />
      <item name="Mixed Java/Scala Projects" href="example_java.html" />
      <item name="Creating Scalac Plugins" href="example_scalac_plugins.html" />
      <item name="Articles..." href="articles.html" />
    </menu>
    <menu ref="reports" />
    <menu ref="modules" />
  </body>
</project>
