<?xml version="1.0" encoding="UTF-8"?>
<document>
  <properties>
    <title>Example</title>
    <authors>
      <person name="Brice Lambi"/>
    </authors>
  </properties>
  <body>
    <h1>Running a "main(args: Array[String])"</h1>

    <div class="warning">
      You must have a well define project, and it must compile your code successfully before (see
      <a href="usage_compile.html">Compiling</a>
      ).
    </div>
    <section name="Running">
      <p>
        So you can now run your scala app by defining the "mainClass" property :
        <source>mvn scala:run -DmainClass=org.example.MyClass</source>
      </p>
    </section>
    <section name="Using Launcher">
      <p>You need to use launchers if you :
        <ul>
        <li>need to specify args and/or jvmArgs that are different from the main configuration</li>
        <li>run and run again the same "configuration"/command line</li>
        <li>want to store, some configuration for later user, or for sharing with other</li>
        </ul>
        </p>
      <source><![CDATA[
  <plugin>
    <groupId>maven</groupId>
    <artifactId>scala-maven-plugin</artifactId>
    <configuration>
      <launchers>
        <launcher>
          <id>foo</id>
          <mainClass>org.example.MyClass</mainClass>
          <!-- args are optional -->
          <args>
            <arg>arg1</arg>
          </args>
          <!-- jvmArgs are optional -->
          <jvmArgs>
            <jvmArg>-Xmx128m</jvmArg>
            <jvmArg>-Djava.library.path=...</jvmArg>
          </jvmArgs>
        </launcher>
        <!-- you could define other launcher -->
      </launchers>
    </configuration>
  </plugin>]]>
      </source>
      <p>Now you can run the following command to run your launcher (the classpath used is the test classpath).</p>
      <source>mvn scala:run -Dlauncher=foo</source>
      <p>If you don't specify launcher or mainClass then the first launcher is used, in your case, the example below is equivalent to the example above.</p>
    <source>mvn scala:run</source>
      <p>If you need/which to specify some additional arguments at call time use "-DaddArgs=arg1|arg2|arg3" ('|' is used as separator)</p>
      <p>Set the property 'displayCmd' to true, to display the command line used</p>

    </section>
  </body>
</document>
